id,X_URI,instanceID,X_PARENT_AURI,vdc_08_pos,vdc_08_options,vdc_08_status,vdc_08_id,vdc_08_name,vdc_08_00,vdc_08_00_1,vdc_08_02_n,vdc_08_02_m,vdc_08_02_y,vdc_08_03,vdc_08_03_m,vdc_08_03_y,vdc_08_04_a_11,vdc_08_04_a,vdc_08_04_b,vdc_08_04_c,vdc_08_04_d,vdc_08_04_e,vdc_08_04_n1,vdc_08_04_n2,vdc_08_04_other,vdc_08_05,vdc_08_05_other,vdc_08_06,vdc_08_07_n,vdc_08_07,vdc_08_08,vdc_08_09,vdc_08_10,vdc_08_11,vdc_08_12,vdc_08_13,vdc_08_14,vdc_08_15,vdc_08_16,vdc_08_17,rta_form_id
1,uuid:dc17c0b4-78af-4247-895a-1e6118608f97,uuid:86def6fd-8796-4393-ad55-cd99b17c63d6,uuid:86def6fd-8796-4393-ad55-cd99b17c63d6,1,51 1,1,51,<b>HYGIENE:</b> Handwashing behavior,,hg,,5,2015,,12,2016,,1,0,1,1,0,2 4 5,2,,4,,55.0000000000,,1,1,0,1,0,1,1,1,0,V,5,
2,uuid:3af3bb3b-ec88-4dda-890a-8f220f933bce,uuid:86def6fd-8796-4393-ad55-cd99b17c63d6,uuid:86def6fd-8796-4393-ad55-cd99b17c63d6,2,96 1,1,96,Ynik,,fhv,,2,2015,,5,2016,,1,1,0,0,0,3 4,3,,96,,55.0000000000,,1,1,0,0,1,0,0,0,0,Gyhu,2,
17,uuid:c004627d-ffb0-410d-be9a-6a1febae8359,uuid:a147b9a6-da09-4b3e-9698-b0a6a2d71de7,uuid:a147b9a6-da09-4b3e-9698-b0a6a2d71de7,1,22 1,1,22,<b>REPRODUCTIVE HEALTH CARE:</b> Delivery Care,,1,,2,2005,,2,2005,,1,0,0,1,0,4,96,Other,96,,25.0000000000,,1,0,1,0,1,1,0,0,0,O1,3,
18,uuid:81a93bda-08be-45d7-a32d-bdd6564498de,uuid:a147b9a6-da09-4b3e-9698-b0a6a2d71de7,uuid:a147b9a6-da09-4b3e-9698-b0a6a2d71de7,2,16 1,1,16,<b>NUTRITION:</b> Small ruminants,,2,,-99,-99,,5,9888,,1,1,1,0,0,4,96,Other,5,,2.0000000000,,1,0,1,0,1,1,0,0,1,,3,
19,uuid:a83f58cc-53ae-4c9f-8e93-2dee198276e5,uuid:a147b9a6-da09-4b3e-9698-b0a6a2d71de7,uuid:a147b9a6-da09-4b3e-9698-b0a6a2d71de7,3,96 1,1,96,Other,,3,,3,2009,,12,2009,,1,0,1,0,0,3,96,Other,3,,12.0000000000,,1,1,0,1,0,1,0,0,0,O3,3,
20,uuid:17d5f3ad-1361-493c-a01f-f46f0072d171,uuid:a147b9a6-da09-4b3e-9698-b0a6a2d71de7,uuid:a147b9a6-da09-4b3e-9698-b0a6a2d71de7,4,53 1,1,53,<b>HYGIENE:</b> Fecal Disposal,,O4,,1,2009,,3,2009,,1,1,0,0,1,5,96,Other,5,,59.0000000000,,1,0,1,1,0,1,1,0,0,O4,4,
21,uuid:9d9fdcd7-e86f-4878-85f0-cefbf75e6d25,uuid:a147b9a6-da09-4b3e-9698-b0a6a2d71de7,uuid:a147b9a6-da09-4b3e-9698-b0a6a2d71de7,5,51 1,1,51,<b>HYGIENE:</b> Handwashing behavior,,4,,5,2009,,6,2018,,1,1,0,1,0,4,96,Other,5,,57.0000000000,,1,0,1,0,1,0,0,0,0,04,3,
22,uuid:3610a97d-3572-4256-899a-5cea323050d6,uuid:a147b9a6-da09-4b3e-9698-b0a6a2d71de7,uuid:a147b9a6-da09-4b3e-9698-b0a6a2d71de7,6,40 1,1,40,OTHER HEALTH AND NUTRTION,,O5,,6,2001,,5,2003,,1,1,0,0,1,3,96,Other,4,,26.0000000000,,0,1,0,1,1,1,0,0,1,,4,
23,uuid:29e7199f-b223-4efd-a54f-b01b8d268cdd,uuid:a147b9a6-da09-4b3e-9698-b0a6a2d71de7,uuid:a147b9a6-da09-4b3e-9698-b0a6a2d71de7,7,30 1,1,30,MALARIA/INSECTICIDE TREATED NETS,,6,,12,2000,,6,2007,,1,0,1,1,0,3,96,Other,5,,12.0000000000,,1,0,1,0,1,0,1,1,0,O6,1,
24,uuid:64572d22-7419-4185-b660-3db35fb94a0a,uuid:a147b9a6-da09-4b3e-9698-b0a6a2d71de7,uuid:a147b9a6-da09-4b3e-9698-b0a6a2d71de7,8,11 1,1,11,<b>NUTRITION:</b> Maternal Nutrition,,O7,,5,2009,,8,2010,,1,0,1,1,0,1 4,96,Other,1,,47.0000000000,,1,1,0,0,1,0,1,0,1,,1,
25,uuid:cdff1228-ee93-4985-82d8-ec42895689b9,uuid:a147b9a6-da09-4b3e-9698-b0a6a2d71de7,uuid:a147b9a6-da09-4b3e-9698-b0a6a2d71de7,9,12 1,1,12,<b>NUTRITION:</b> Exclusive Breastfeeding,,O7,,8,-99,,10,2016,,1,1,0,1,0,2,96,Other,3,,86.0000000000,,1,1,0,1,0,0,1,0,0,O7,2,
26,uuid:37f8108a-6648-4a7d-8e8f-3b39f62674cf,uuid:a147b9a6-da09-4b3e-9698-b0a6a2d71de7,uuid:a147b9a6-da09-4b3e-9698-b0a6a2d71de7,10,13 1,1,13,<b>NUTRITION:</b> Complementary Feeding,,O8,,9,2008,,7,2011,,1,0,0,0,1,1 2 3 4 5,96,Other,4,,54.0000000000,,1,0,1,0,1,0,1,1,0,O8,2,
27,uuid:d736c0e2-b2ad-4f24-b84c-eb7c1dd5df2c,uuid:a147b9a6-da09-4b3e-9698-b0a6a2d71de7,uuid:a147b9a6-da09-4b3e-9698-b0a6a2d71de7,11,14 1,1,14,<b>NUTRITION:</b> Anemia Control,,O9,,11,2008,,4,2009,,1,0,1,0,0,2 3 5,96,Other,5,,68.0000000000,,0,0,1,1,0,0,1,0,1,,5,
28,uuid:7a206dd0-86ec-4fb2-8a27-cd3a01bd76d7,uuid:a147b9a6-da09-4b3e-9698-b0a6a2d71de7,uuid:a147b9a6-da09-4b3e-9698-b0a6a2d71de7,12,15 1,1,15,"<b>NUTRITION:</b> Community, backyard, and/or Kitchen Gardens",,O9,,1,2008,,1,2010,,0,0,1,0,1,2,96,Other,3,,14.0000000000,,1,1,0,1,1,0,0,0,1,,3,
29,uuid:ae05a667-95ca-429a-96d2-2feca03da421,uuid:a147b9a6-da09-4b3e-9698-b0a6a2d71de7,uuid:a147b9a6-da09-4b3e-9698-b0a6a2d71de7,13,17 1,1,17,<b>NUTRITION:</b> Fruit Trees,,10,,5,2008,,6,2009,,1,1,0,0,1,3 4,96,Other,4,,48.0000000000,,1,0,1,1,0,0,1,1,0,10,2,
30,uuid:7811005d-bebc-4254-9f6a-afca273ba14d,uuid:a147b9a6-da09-4b3e-9698-b0a6a2d71de7,uuid:a147b9a6-da09-4b3e-9698-b0a6a2d71de7,14,18 1,1,18,<b>NUTRITION:</b> Child food banks,,11,,5,2017,,6,2018,,1,1,0,0,1,3,3,,3,,43.0000000000,,1,0,1,0,1,0,0,0,1,,3,
31,uuid:1151e7e5-6161-4f68-8a9d-43c313865bc4,uuid:a147b9a6-da09-4b3e-9698-b0a6a2d71de7,uuid:a147b9a6-da09-4b3e-9698-b0a6a2d71de7,15,21 1,1,21,<b>REPRODUCTIVE HEALTH CARE:</b> Antenatal Care,,12,,10,2006,,5,2009,,1,0,1,0,1,3,96,Other,2,,85.0000000000,,1,0,1,0,1,0,1,0,0,P12,3,
32,uuid:561a697d-a62e-4908-ab1f-f557acd343be,uuid:a147b9a6-da09-4b3e-9698-b0a6a2d71de7,uuid:a147b9a6-da09-4b3e-9698-b0a6a2d71de7,16,23 1,1,23,<b>REPRODUCTIVE HEALTH CARE:</b> Postnatal Care,,13,,2,2000,,9,2008,,0,0,1,0,0,2 3 5,96,Other,96,,47.0000000000,,1,0,1,0,0,0,1,1,1,,3,
33,uuid:4759c1d1-c357-4e8d-bdaf-ea9a18baf484,uuid:a147b9a6-da09-4b3e-9698-b0a6a2d71de7,uuid:a147b9a6-da09-4b3e-9698-b0a6a2d71de7,17,24 1,1,24,<b>REPRODUCTIVE HEALTH CARE:</b> Family Planning Care,,14,,5,2006,,1,2008,,0,1,0,1,0,3,96,Other,4,,57.0000000000,,1,0,1,0,0,1,1,0,1,,1,
34,uuid:6824a381-9c61-4b91-96cf-5c7455136355,uuid:a147b9a6-da09-4b3e-9698-b0a6a2d71de7,uuid:a147b9a6-da09-4b3e-9698-b0a6a2d71de7,18,52 1,1,52,<b>HYGIENE:</b> Community Cleaning,,14,,12,2016,,5,2017,,1,0,1,0,1,1 2 3 5,96,Other,3,,58.0000000000,,1,0,1,1,0,0,1,1,1,,5,
35,uuid:731690d8-5504-4ed6-ac22-2145a78369c4,uuid:a147b9a6-da09-4b3e-9698-b0a6a2d71de7,uuid:a147b9a6-da09-4b3e-9698-b0a6a2d71de7,19,54 1,1,54,<b>HYGIENE:</b> Latrines,,15,,2,2010,,10,2010,,1,1,0,1,1,1 4,96,Other,5,,65.0000000000,,1,1,1,0,1,0,1,1,0,O15,4,
36,uuid:8fc06051-245e-487c-83fe-80a9c2faf4f3,uuid:a147b9a6-da09-4b3e-9698-b0a6a2d71de7,uuid:a147b9a6-da09-4b3e-9698-b0a6a2d71de7,20,61 1,1,61,<b>HYGIENE:</b> Housing Updates,,17,,5,2006,,9,2008,,1,1,0,0,0,1,96,Other,4,,69.0000000000,,1,0,1,1,1,0,1,1,0,O16,1,
37,uuid:44ec5a89-21e7-41be-b88a-8a420e2c4e26,uuid:a147b9a6-da09-4b3e-9698-b0a6a2d71de7,uuid:a147b9a6-da09-4b3e-9698-b0a6a2d71de7,21,62 1,1,62,<b>HYGIENE:</b> Water Supply and Treatment,,18,,2,2009,,6,2011,,1,1,0,1,0,4,96,Other,4,,76.0000000000,,1,0,0,1,0,0,1,1,0,O18,4,
38,uuid:2cc20cf7-b846-490b-bcc7-363b3b8da120,uuid:a147b9a6-da09-4b3e-9698-b0a6a2d71de7,uuid:a147b9a6-da09-4b3e-9698-b0a6a2d71de7,22,63 1,1,63,<b>HYGIENE:</b> Credit and Financing,,19,,-99,-99,,2,1908,,1,0,1,0,0,1 3 5,96,Other,96,,47.0000000000,,0,1,0,1,0,1,0,0,0,O19,5,
39,uuid:abe30d17-0137-4901-91f8-95c5c24fb239,uuid:a147b9a6-da09-4b3e-9698-b0a6a2d71de7,uuid:a147b9a6-da09-4b3e-9698-b0a6a2d71de7,23,64 1,1,64,<b>HYGIENE:</b> SBCC,,20,,5,2009,,9,2017,,1,1,0,1,1,2 3 5,4,,4,,52.0000000000,,1,0,1,1,0,1,1,1,0,20,5,
201,uuid:0e544f4e-2ca9-4296-a3f3-9de95a154fe5,uuid:a147b9a6-da09-4b3e-9698-b0a6a2d71de7~1,uuid:a147b9a6-da09-4b3e-9698-b0a6a2d71de7~1,1,11 1,1,11,<b>NUTRITION:</b> Maternal Nutrition,,1,,2,2005,,2,2005,,1,0,0,1,0,4,96,Other,96,,25.0000000000,,1,0,1,0,1,1,0,0,0,O1,3,
202,uuid:a3d095ab-39e7-4ff5-a775-b27b18e09c79,uuid:a147b9a6-da09-4b3e-9698-b0a6a2d71de7~1,uuid:a147b9a6-da09-4b3e-9698-b0a6a2d71de7~1,2,12 1,1,12,<b>NUTRITION:</b> Exclusive Breastfeeding,,2,,-99,-99,,5,9888,,1,1,1,0,0,4,96,Other,5,,2.0000000000,,1,0,1,0,1,1,0,0,1,,3,
203,uuid:a36c478e-cdca-457b-80c7-7e57c08f2411,uuid:a147b9a6-da09-4b3e-9698-b0a6a2d71de7~1,uuid:a147b9a6-da09-4b3e-9698-b0a6a2d71de7~1,3,13 1,1,13,<b>NUTRITION:</b> Complementary Feeding,,3,,3,2009,,12,2009,,1,0,1,0,0,3,96,Other,3,,12.0000000000,,1,1,0,1,0,1,0,0,0,O3,3,
204,uuid:8f4c7483-873f-446e-a08b-d873820c0a8e,uuid:a147b9a6-da09-4b3e-9698-b0a6a2d71de7~1,uuid:a147b9a6-da09-4b3e-9698-b0a6a2d71de7~1,4,14 1,1,14,<b>NUTRITION:</b> Anemia Control,,O4,,1,2009,,3,2009,,1,1,0,0,1,5,96,Other,5,,59.0000000000,,1,0,1,1,0,1,1,0,0,O4,4,
205,uuid:7b760b09-92ef-4a05-a0b3-12f992ad9b39,uuid:a147b9a6-da09-4b3e-9698-b0a6a2d71de7~1,uuid:a147b9a6-da09-4b3e-9698-b0a6a2d71de7~1,5,15 1,1,15,"<b>NUTRITION:</b> Community, backyard, and/or Kitchen Gardens",,4,,5,2009,,6,2018,,1,1,0,1,0,4,96,Other,5,,57.0000000000,,1,0,1,0,1,0,0,0,0,04,3,
206,uuid:e3e74e14-a8c5-4176-a1fc-a3a396a67ebf,uuid:a147b9a6-da09-4b3e-9698-b0a6a2d71de7~1,uuid:a147b9a6-da09-4b3e-9698-b0a6a2d71de7~1,6,16 1,1,16,<b>NUTRITION:</b> Small ruminants,,O5,,6,2001,,5,2003,,1,1,0,0,1,3,96,Other,4,,26.0000000000,,0,1,0,1,1,1,0,0,1,,4,
207,uuid:4559222f-fa27-4bd9-95c9-870804bad80a,uuid:a147b9a6-da09-4b3e-9698-b0a6a2d71de7~1,uuid:a147b9a6-da09-4b3e-9698-b0a6a2d71de7~1,7,17 1,1,17,<b>NUTRITION:</b> Fruit Trees,,6,,12,2000,,6,2007,,1,0,1,1,0,3,96,Other,5,,12.0000000000,,1,0,1,0,1,0,1,1,0,O6,1,
208,uuid:9e685f77-a60d-47f6-91dd-1bdaa1e38fa6,uuid:a147b9a6-da09-4b3e-9698-b0a6a2d71de7~1,uuid:a147b9a6-da09-4b3e-9698-b0a6a2d71de7~1,8,18 1,1,18,<b>NUTRITION:</b> Child food banks,,O7,,5,2009,,8,2010,,1,0,1,1,0,1 4,96,Other,1,,47.0000000000,,1,1,0,0,1,0,1,0,1,,1,
209,uuid:c1b275e5-2dcf-48d8-a2e9-4c671398024e,uuid:a147b9a6-da09-4b3e-9698-b0a6a2d71de7~1,uuid:a147b9a6-da09-4b3e-9698-b0a6a2d71de7~1,9,21 1,1,21,<b>REPRODUCTIVE HEALTH CARE:</b> Antenatal Care,,O7,,8,-99,,10,2016,,1,1,0,1,0,2,96,Other,3,,86.0000000000,,1,1,0,1,0,0,1,0,0,O7,2,
210,uuid:8b8138b1-b2c0-4555-a6f9-14bd2a0386ad,uuid:a147b9a6-da09-4b3e-9698-b0a6a2d71de7~1,uuid:a147b9a6-da09-4b3e-9698-b0a6a2d71de7~1,10,22 1,1,22,<b>REPRODUCTIVE HEALTH CARE:</b> Delivery Care,,O8,,9,2008,,7,2011,,1,0,0,0,1,1 2 3 4 5,96,Other,4,,54.0000000000,,1,0,1,0,1,0,1,1,0,O8,2,
211,uuid:9bf88dd9-e829-4166-a7a2-f7211d2d8dd3,uuid:a147b9a6-da09-4b3e-9698-b0a6a2d71de7~1,uuid:a147b9a6-da09-4b3e-9698-b0a6a2d71de7~1,11,23 1,1,23,<b>REPRODUCTIVE HEALTH CARE:</b> Postnatal Care,,O9,,11,2008,,4,2009,,1,0,1,0,0,2 3 5,96,Other,5,,68.0000000000,,0,0,1,1,0,0,1,0,1,,5,
212,uuid:dbe417ce-d07d-40ee-96b8-00da2a361340,uuid:a147b9a6-da09-4b3e-9698-b0a6a2d71de7~1,uuid:a147b9a6-da09-4b3e-9698-b0a6a2d71de7~1,12,24 1,1,24,<b>REPRODUCTIVE HEALTH CARE:</b> Family Planning Care,,O9,,1,2008,,1,2010,,0,0,1,0,1,2,96,Other,3,,14.0000000000,,1,1,0,1,1,0,0,0,1,,3,
213,uuid:94baa53c-cfbd-46a6-b973-1b215d65533f,uuid:a147b9a6-da09-4b3e-9698-b0a6a2d71de7~1,uuid:a147b9a6-da09-4b3e-9698-b0a6a2d71de7~1,13,30 1,1,30,MALARIA/INSECTICIDE TREATED NETS,,10,,5,2008,,6,2009,,1,1,0,0,1,3 4,96,Other,4,,48.0000000000,,1,0,1,1,0,0,1,1,0,10,2,
214,uuid:c1fda4e7-bc4d-42f1-8fde-8704a1725e43,uuid:a147b9a6-da09-4b3e-9698-b0a6a2d71de7~1,uuid:a147b9a6-da09-4b3e-9698-b0a6a2d71de7~1,14,40 1,1,40,OTHER HEALTH AND NUTRTION,,11,,5,2017,,6,2018,,1,1,0,0,1,3,3,,3,,43.0000000000,,1,0,1,0,1,0,0,0,1,,3,
215,uuid:9d52476f-01fb-4fcd-9bd9-dc9f5d876b45,uuid:a147b9a6-da09-4b3e-9698-b0a6a2d71de7~1,uuid:a147b9a6-da09-4b3e-9698-b0a6a2d71de7~1,15,51 1,1,51,<b>HYGIENE:</b> Handwashing behavior,,12,,10,2006,,5,2009,,1,0,1,0,1,3,96,Other,2,,85.0000000000,,1,0,1,0,1,0,1,0,0,P12,3,
216,uuid:15e913fc-ee56-454e-bbb2-c3ac36080bab,uuid:a147b9a6-da09-4b3e-9698-b0a6a2d71de7~1,uuid:a147b9a6-da09-4b3e-9698-b0a6a2d71de7~1,16,52 1,1,52,<b>HYGIENE:</b> Community Cleaning,,13,,2,2000,,9,2008,,0,0,1,0,0,2 3 5,96,Other,96,,47.0000000000,,1,0,1,0,0,0,1,1,1,,3,
217,uuid:c6a915f1-e901-44c7-bef9-f7a3c627bd09,uuid:a147b9a6-da09-4b3e-9698-b0a6a2d71de7~1,uuid:a147b9a6-da09-4b3e-9698-b0a6a2d71de7~1,17,53 1,1,53,<b>HYGIENE:</b> Fecal Disposal,,14,,5,2006,,1,2008,,0,1,0,1,0,3,96,Other,4,,57.0000000000,,1,0,1,0,0,1,1,0,1,,1,
218,uuid:4cd8b898-0bae-4d60-8d63-70c7aaf54f7a,uuid:a147b9a6-da09-4b3e-9698-b0a6a2d71de7~1,uuid:a147b9a6-da09-4b3e-9698-b0a6a2d71de7~1,18,54 1,1,54,<b>HYGIENE:</b> Latrines,,14,,12,2016,,5,2017,,1,0,1,0,1,1 2 3 5,96,Other,3,,58.0000000000,,1,0,1,1,0,0,1,1,1,,5,
219,uuid:ef49a52b-03b8-4d86-891f-79e5599c5cd9,uuid:a147b9a6-da09-4b3e-9698-b0a6a2d71de7~1,uuid:a147b9a6-da09-4b3e-9698-b0a6a2d71de7~1,19,61 1,1,61,<b>HYGIENE:</b> Housing Updates,,15,,2,2010,,10,2010,,1,1,0,1,1,1 4,96,Other,5,,65.0000000000,,1,1,1,0,1,0,1,1,0,O15,4,
220,uuid:8c7ffc1b-17ad-4609-a70c-3c36c42fad97,uuid:a147b9a6-da09-4b3e-9698-b0a6a2d71de7~1,uuid:a147b9a6-da09-4b3e-9698-b0a6a2d71de7~1,20,62 1,1,62,<b>HYGIENE:</b> Water Supply and Treatment,,17,,5,2006,,9,2008,,1,1,0,0,0,1,96,Other,4,,69.0000000000,,1,0,1,1,1,0,1,1,0,O16,1,
221,uuid:ca8acd9f-e92b-4308-b6eb-c977df030a48,uuid:a147b9a6-da09-4b3e-9698-b0a6a2d71de7~1,uuid:a147b9a6-da09-4b3e-9698-b0a6a2d71de7~1,21,63 1,1,63,<b>HYGIENE:</b> Credit and Financing,,18,,2,2009,,6,2011,,1,1,0,1,0,4,96,Other,4,,76.0000000000,,1,0,0,1,0,0,1,1,0,O18,4,
222,uuid:72f7a3b6-42c5-40cd-9ba7-bfb53d4f2db1,uuid:a147b9a6-da09-4b3e-9698-b0a6a2d71de7~1,uuid:a147b9a6-da09-4b3e-9698-b0a6a2d71de7~1,22,64 1,1,64,<b>HYGIENE:</b> SBCC,,19,,-99,-99,,2,1908,,1,0,1,0,0,1 3 5,96,Other,96,,47.0000000000,,0,1,0,1,0,1,0,0,0,O19,5,
223,uuid:3af8dd3f-d3a1-41df-9b09-d706f1733637,uuid:a147b9a6-da09-4b3e-9698-b0a6a2d71de7~1,uuid:a147b9a6-da09-4b3e-9698-b0a6a2d71de7~1,23,96 1,1,96,Other,,20,,5,2009,,9,2017,,1,1,0,1,1,2 3 5,4,,4,,52.0000000000,,1,0,1,1,0,1,1,1,0,20,5,
